country,year,"Inflation, consumer prices (annual %)","Inflation, GDP deflator (annual %)",Real interest rate (%),Deposit interest rate (%),Lending interest rate (%),"Unemployment, total (% of total labor force) (national estimate)","Unemployment, total (% of total labor force) (modeled ILO estimate)",iso3c,iso2c,adminregion,incomeLevel
Albania,1992,226.005421253526,232.984658871868,-63.7871204812071,18.5,20.5833333333333,26.5,30.0149993896484,ALB,AL,Europe & Central Asia (excluding high income),Upper middle income
Albania,1993,85.0047512387157,125.650814200424,-42.5735139522976,27.3333333333333,29.5833333333333,22.2999992370605,25.257999420166,ALB,AL,Europe & Central Asia (excluding high income),Upper middle income
Albania,1994,22.5650526933696,35.8424752156678,-8.96318219295577,19.8333333333333,23.6666666666667,18.3999996185303,20.8400001525879,ALB,AL,Europe & Central Asia (excluding high income),Upper middle income
Albania,1995,7.79321853789215,9.97066268022502,8.80174501441422,15.3,19.65,12.8999996185303,14.6110000610352,ALB,AL,Europe & Central Asia (excluding high income),Upper middle income
Albania,1996,12.7254778087102,38.1720581904406,-10.2869748364873,16.7833333333333,23.9583333333333,12.3000001907349,13.9309997558594,ALB,AL,Europe & Central Asia (excluding high income),Upper middle income
Albania,1997,33.1802743753957,11.2396444889093,19.2994942972552,27.2758333333333,32.7083333333333,14.8999996185303,16.8759994506836,ALB,AL,Europe & Central Asia (excluding high income),Upper middle income
Albania,1999,0.389437653561606,2.10284998780091,19.110289296068,12.9458333333333,21.615,18.3999996185303,20.8400001525879,ALB,AL,Europe & Central Asia (excluding high income),Upper middle income
Albania,2000,0.0500181363468233,5.64747147491495,15.5754115979881,8.3025,22.1025,16.7999992370605,19.0279998779297,ALB,AL,Europe & Central Asia (excluding high income),Upper middle income
Albania,2001,3.10758827031435,3.81085736921132,15.2617073964696,7.725,19.6541666666667,16.3999996185303,18.5750007629395,ALB,AL,Europe & Central Asia (excluding high income),Upper middle income
Albania,2002,7.77052583431551,3.64747627374751,11.2464777841114,8.53833333333333,15.3041666666667,15.8000001907349,17.8950004577637,ALB,AL,Europe & Central Asia (excluding high income),Upper middle income
Albania,2003,0.484002611818484,5.19863530390563,8.62387425770233,8.37549739428437,14.2708333333333,15.0,16.9890003204346,ALB,AL,Europe & Central Asia (excluding high income),Upper middle income
Albania,2004,2.28001916938099,3.15236892630959,8.34605448013448,6.60669485084465,11.7615218344487,14.3999996185303,16.3099994659424,ALB,AL,Europe & Central Asia (excluding high income),Upper middle income
Albania,2005,2.36658195679796,3.30681815262164,9.45550547587983,5.08755087231281,13.075,14.1000003814697,15.9700002670288,ALB,AL,Europe & Central Asia (excluding high income),Upper middle income
Albania,2006,2.37072831904283,2.47818888484454,10.2087615821967,5.22742521887892,12.9399428618515,13.8000001907349,15.6300001144409,ALB,AL,Europe & Central Asia (excluding high income),Upper middle income
Albania,2007,2.93268248162319,4.38670937874643,9.30474144287698,5.6590985397927,14.0996227871662,15.9700002670288,15.9700002670288,ALB,AL,Europe & Central Asia (excluding high income),Upper middle income
Albania,2008,3.32087090389268,4.11708542761993,8.55052487177923,6.80274238793673,13.0196427128802,13.0600004196167,13.0600004196167,ALB,AL,Europe & Central Asia (excluding high income),Upper middle income
Albania,2009,2.2669220945083,2.41833605658384,10.000747416439,6.77243622651908,12.6609351537225,13.6700000762939,13.6700000762939,ALB,AL,Europe & Central Asia (excluding high income),Upper middle income
Albania,2010,3.62604695579817,4.49314320250261,7.97103659396286,6.41754337281697,12.8223298853561,14.0900001525879,14.0900001525879,ALB,AL,Europe & Central Asia (excluding high income),Upper middle income
Albania,2011,3.42912324722164,2.31474379699794,9.88846223555399,5.86175264225151,12.4320985987679,13.4799995422363,13.4799995422363,ALB,AL,Europe & Central Asia (excluding high income),Upper middle income
Albania,2012,2.03159268395298,1.04271460596459,9.73611207397717,5.42490848079036,10.8803465425902,13.3800001144409,13.3800001144409,ALB,AL,Europe & Central Asia (excluding high income),Upper middle income
Albania,2013,1.93762080205227,0.288745964465136,9.51039749089083,4.16420494025281,9.8266043443155,15.8699998855591,15.8699998855591,ALB,AL,Europe & Central Asia (excluding high income),Upper middle income
Albania,2014,1.62586504402607,1.54991706750106,6.32455753580755,1.91416666666667,7.9725,18.0499992370605,18.0499992370605,ALB,AL,Europe & Central Asia (excluding high income),Upper middle income
Albania,2015,3.50120835492656,0.563991353628552,7.27249241794098,1.39333333333333,7.8775,17.1900005340576,17.1900005340576,ALB,AL,Europe & Central Asia (excluding high income),Upper middle income
Albania,2016,-0.367317209784628,-0.632653419297611,7.41372325966381,0.830833333333333,6.73416666666667,15.4200000762939,15.4200000762939,ALB,AL,Europe & Central Asia (excluding high income),Upper middle income
Albania,2017,2.0605984592022,1.45106269946422,4.70072680723231,0.766666666666667,6.22,13.6199998855591,13.6199998855591,ALB,AL,Europe & Central Asia (excluding high income),Upper middle income
Albania,2018,2.02805963071136,1.47305810209839,4.39470533490248,0.751666666666667,5.9325,12.3000001907349,12.3000001907349,ALB,AL,Europe & Central Asia (excluding high income),Upper middle income
Albania,2019,1.41109078954248,1.22100947633079,4.99384849366133,0.4925,6.27583333333333,11.4700002670288,11.4700002670288,ALB,AL,Europe & Central Asia (excluding high income),Upper middle income
Bolivia,1991,21.447069817114,17.6894369269852,19.9321737664258,23.775,41.1475,6.59000015258789,2.95700001716614,BOL,BO,Latin America & Caribbean (excluding high income),Lower middle income
Bolivia,1992,12.060323601829,13.1992075771951,28.5447749865532,23.2233333333333,45.5116666666667,5.51999998092651,3.25999999046326,BOL,BO,Latin America & Caribbean (excluding high income),Lower middle income
Bolivia,1993,8.52787695688004,6.55715935830987,44.4076283501889,22.1808333333333,53.8766666666667,5.98999977111816,3.08400011062622,BOL,BO,Latin America & Caribbean (excluding high income),Lower middle income
Bolivia,1994,7.87404421467432,7.95220394052423,44.1131608753868,18.4316666666667,55.5733333333333,3.07999992370605,3.07999992370605,BOL,BO,Latin America & Caribbean (excluding high income),Lower middle income
Bolivia,1995,10.1932067630746,11.4272859228783,35.5300891960369,18.87,51.0175,3.69000005722046,2.75300002098084,BOL,BO,Latin America & Caribbean (excluding high income),Lower middle income
Bolivia,1996,12.4254866180049,11.5802059356048,39.7798698782455,19.1583333333333,55.9666666666667,5.23000001907349,2.44300007820129,BOL,BO,Latin America & Caribbean (excluding high income),Lower middle income
Bolivia,1997,4.70844436028193,5.70504254118256,41.9516007872006,14.7283333333333,50.05,2.07999992370605,2.07999992370605,BOL,BO,Latin America & Caribbean (excluding high income),Lower middle income
Bolivia,1999,2.15951626835596,2.41156142201022,32.1815279320341,12.2591666666667,35.3691666666667,3.9300000667572,2.44300007820129,BOL,BO,Latin America & Caribbean (excluding high income),Lower middle income
Bolivia,2000,4.60822998872598,5.19540790953587,27.9483924327578,10.9825,34.5958333333333,4.46999979019165,2.37800002098084,BOL,BO,Latin America & Caribbean (excluding high income),Lower middle income
Bolivia,2001,1.58965377879568,1.870092796354,17.853098909235,9.81876220185975,20.0570612222166,5.23999977111816,2.48499989509583,BOL,BO,Latin America & Caribbean (excluding high income),Lower middle income
Bolivia,2002,0.928258851611061,2.8207584333704,17.3230567258656,9.57995151332266,20.6324567427484,5.48000001907349,2.49399995803833,BOL,BO,Latin America & Caribbean (excluding high income),Lower middle income
Bolivia,2004,4.43738080101724,7.96770997396048,6.02233145534068,7.41976666666667,14.4698833333333,4.17000007629395,2.50300002098084,BOL,BO,Latin America & Caribbean (excluding high income),Lower middle income
Bolivia,2005,5.39323106890664,5.94079556824971,10.0756710775693,4.93408333333333,16.6150416666667,5.44999980926514,2.54399991035461,BOL,BO,Latin America & Caribbean (excluding high income),Lower middle income
Bolivia,2006,4.28239604802565,13.6636793822744,-1.55933369267426,4.02650833333333,11.8912833333333,5.07999992370605,2.57599997520447,BOL,BO,Latin America & Caribbean (excluding high income),Lower middle income
Bolivia,2007,8.70560923578869,7.373355352535,5.11062820266866,3.54554166666667,12.8608083333333,5.17999982833862,2.64599990844727,BOL,BO,Latin America & Caribbean (excluding high income),Lower middle income
Bolivia,2008,14.0068107702519,10.3811827150976,3.16371915242946,4.65583333333333,13.8733333333333,2.59999990463257,2.59999990463257,BOL,BO,Latin America & Caribbean (excluding high income),Lower middle income
Bolivia,2009,3.34645420142012,-2.41989591737956,15.1460393041453,3.43928333333333,12.359625,2.97000002861023,2.97000002861023,BOL,BO,Latin America & Caribbean (excluding high income),Lower middle income
Bolivia,2011,9.88446419823887,14.6023543582868,-3.21717824876714,1.40303615507917,10.915392341297,2.25,2.25,BOL,BO,Latin America & Caribbean (excluding high income),Lower middle income
Bolivia,2012,4.51560291399368,7.10027530988422,3.76719157734763,1.62615307127361,11.1349478606743,2.0699999332428,2.0699999332428,BOL,BO,Latin America & Caribbean (excluding high income),Lower middle income
Bolivia,2013,5.73640023719613,5.99538853198879,4.77002897970691,1.73918352499664,11.0513992821176,2.44000005722046,2.44000005722046,BOL,BO,Latin America & Caribbean (excluding high income),Lower middle income
Bolivia,2014,5.7666007457914,2.04949756451367,7.49119871652757,2.95013680512336,9.69422821628935,2.01999998092651,2.01999998092651,BOL,BO,Latin America & Caribbean (excluding high income),Lower middle income
Bolivia,2015,4.05961041135646,-4.62060229458925,13.308802945583,1.41389753874509,8.07325379670779,3.10999989509583,3.10999989509583,BOL,BO,Latin America & Caribbean (excluding high income),Lower middle income
Bolivia,2016,3.62321431764138,-1.35487053613082,9.43472490521656,1.44378718690193,7.95202606117997,3.5,3.5,BOL,BO,Latin America & Caribbean (excluding high income),Lower middle income
Bolivia,2017,2.8227580554717,6.06139996076533,1.93142092448395,2.46902430284961,8.10989203240817,3.65000009536743,3.65000009536743,BOL,BO,Latin America & Caribbean (excluding high income),Lower middle income
Bolivia,2018,2.27205987230148,3.05626590816588,4.8332593604001,3.03380608912302,8.03724252665112,3.51999998092651,3.51999998092651,BOL,BO,Latin America & Caribbean (excluding high income),Lower middle income
Bolivia,2019,1.83954504969032,-0.693003422953282,9.15598643187736,3.17889336888884,8.39953170954602,3.8199999332428,3.8199999332428,BOL,BO,Latin America & Caribbean (excluding high income),Lower middle income
Bolivia,2020,0.940742153381823,-1.90885911465647,9.68597444249003,3.54122080867706,7.59222372184479,7.90000009536743,7.90000009536743,BOL,BO,Latin America & Caribbean (excluding high income),Lower middle income
Brazil,1997,6.92671251629151,7.72902341004782,65.4088449823572,24.3506463193582,78.1933333333333,8.15999984741211,8.15999984741211,BRA,BR,Latin America & Caribbean (excluding high income),Upper middle income
Brazil,1998,3.19507629280056,4.92436158675291,77.6168379916665,28.0033333333333,86.3633333333333,9.42000007629395,9.42000007629395,BRA,BR,Latin America & Caribbean (excluding high income),Upper middle income
Brazil,1999,4.85844749902668,8.01050087686829,67.060917103827,26.0225,80.4433333333333,10.210000038147,10.210000038147,BRA,BR,Latin America & Caribbean (excluding high income),Upper middle income
Brazil,2001,6.84035902487525,8.22509431643341,45.6378187168126,17.8566666666667,57.6166666666667,9.60999965667725,9.60999965667725,BRA,BR,Latin America & Caribbean (excluding high income),Upper middle income
Brazil,2002,8.4501643770833,9.79811223431311,48.3404374497978,19.1427279084507,62.875,9.36999988555908,9.36999988555908,BRA,BR,Latin America & Caribbean (excluding high income),Upper middle income
Brazil,2003,14.7149197228147,14.091021527267,46.447398837078,21.9706904803307,67.0833333333333,9.98999977111816,9.98999977111816,BRA,BR,Latin America & Caribbean (excluding high income),Upper middle income
Brazil,2004,6.59718509985962,7.75206075946326,43.7791527215815,15.4161509661468,54.925,9.10999965667725,9.10999965667725,BRA,BR,Latin America & Caribbean (excluding high income),Upper middle income
Brazil,2005,6.86953720898965,7.43122475478488,44.6351688608229,17.6287476682326,55.3833333333333,9.56999969482422,9.56999969482422,BRA,BR,Latin America & Caribbean (excluding high income),Upper middle income
Brazil,2006,4.18356812896902,6.77427411909737,41.2403264527182,13.9324026747455,50.8083333333333,8.64000034332275,8.64000034332275,BRA,BR,Latin America & Caribbean (excluding high income),Upper middle income
Brazil,2007,3.64127299102654,6.43903808921145,35.0225154667512,10.5772525709938,43.7166666666667,8.32999992370605,8.32999992370605,BRA,BR,Latin America & Caribbean (excluding high income),Upper middle income
Brazil,2008,5.67859390284171,8.77855272217604,35.3667577983698,11.6553322573294,47.25,7.34000015258789,7.34000015258789,BRA,BR,Latin America & Caribbean (excluding high income),Upper middle income
Brazil,2009,4.88803479876804,7.31348274594541,34.7920096326063,9.2788317677565,44.65,8.52000045776367,8.52000045776367,BRA,BR,Latin America & Caribbean (excluding high income),Upper middle income
Brazil,2011,6.63644962213085,8.3185922188201,32.8334595068102,10.9923648153524,43.8833333333333,6.92000007629395,6.92000007629395,BRA,BR,Latin America & Caribbean (excluding high income),Upper middle income
Brazil,2012,5.40349914037009,7.94312694206415,26.5820905299539,7.90746650160068,36.6366666666667,7.25,7.19000005722046,BRA,BR,Latin America & Caribbean (excluding high income),Upper middle income
Brazil,2013,6.204310666401,7.50456453204858,18.4988444176149,7.80710378657161,27.3916666666667,7.07000017166138,6.98000001907349,BRA,BR,Latin America & Caribbean (excluding high income),Upper middle income
Brazil,2014,6.32904015516142,7.84670974349484,22.4036724414727,10.0236351018781,32.0083333333333,6.76000022888184,6.65999984741211,BRA,BR,Latin America & Caribbean (excluding high income),Upper middle income
Brazil,2015,9.02990102416129,7.56617501293937,33.8323439650208,12.6224588389549,43.9583333333333,8.5600004196167,8.43000030517578,BRA,BR,Latin America & Caribbean (excluding high income),Upper middle income
Brazil,2016,8.73914352329393,8.10360435702502,40.6983614511794,12.4457643794587,52.1,11.7399997711182,11.6000003814697,BRA,BR,Latin America & Caribbean (excluding high income),Upper middle income
Brazil,2017,3.44637335032672,3.67138451288938,41.7138078718344,8.5135331985483,46.9166666666667,12.9300003051758,12.8199996948242,BRA,BR,Latin America & Caribbean (excluding high income),Upper middle income
Brazil,2018,3.66485028376724,4.49353433164119,33.1023342476972,6.87215891261149,39.0833333333333,12.460000038147,12.3299999237061,BRA,BR,Latin America & Caribbean (excluding high income),Upper middle income
Brazil,2019,3.73297621216894,4.28050511900369,31.8319275909866,5.43017528327146,37.475,12.0500001907349,11.9300003051758,BRA,BR,Latin America & Caribbean (excluding high income),Upper middle income
Brazil,2020,3.21176803803379,4.80539841705125,23.1250189548178,2.19642732968407,29.0416666666667,13.9300003051758,13.6899995803833,BRA,BR,Latin America & Caribbean (excluding high income),Upper middle income
Bulgaria,2000,10.3162621289989,7.38085235773622,3.69016532146348,3.13847916666667,11.3433833333333,16.2199993133545,16.2199993133545,BGR,BG,Europe & Central Asia (excluding high income),Upper middle income
Bulgaria,2001,7.36093927231849,6.11773687252449,4.70517930488865,2.91938333333333,11.1107666666667,19.9200000762939,19.9200000762939,BGR,BG,Europe & Central Asia (excluding high income),Upper middle income
Bulgaria,2002,5.81014365721823,3.84837958613112,5.16085287213409,2.80316666666667,9.20784166666667,18.1100006103516,18.1100006103516,BGR,BG,Europe & Central Asia (excluding high income),Upper middle income
Bulgaria,2003,2.34864169582755,2.18941578092733,6.21781701870268,2.93229166666667,8.54336666666667,13.7299995422363,13.7299995422363,BGR,BG,Europe & Central Asia (excluding high income),Upper middle income
Bulgaria,2004,6.1471307424627,5.58155865026613,3.11585317719268,3.04970833333333,8.871325,12.039999961853,12.039999961853,BGR,BG,Europe & Central Asia (excluding high income),Upper middle income
Bulgaria,2005,5.03883807111907,6.59425062388337,1.93887822031078,3.08435,8.66098333333333,10.0799999237061,10.0799999237061,BGR,BG,Europe & Central Asia (excluding high income),Upper middle income
Bulgaria,2006,7.26159462769947,6.75647677739832,2.00086054456033,3.17256666666667,8.892525,8.94999980926514,8.94999980926514,BGR,BG,Europe & Central Asia (excluding high income),Upper middle income
Bulgaria,2007,8.40253419005894,11.0477772847817,-0.945548523157131,3.68195,9.99776666666667,6.88000011444092,6.88000011444092,BGR,BG,Europe & Central Asia (excluding high income),Upper middle income
Bulgaria,2008,12.3487195994021,8.10050423157742,2.55403135077707,4.44464166666667,10.861425,5.6100001335144,5.6100001335144,BGR,BG,Europe & Central Asia (excluding high income),Upper middle income
Bulgaria,2009,2.75320223914816,3.93802758235266,7.11671424761888,6.1775,11.335,6.82000017166138,6.82000017166138,BGR,BG,Europe & Central Asia (excluding high income),Upper middle income
Bulgaria,2010,2.43899060504117,0.764233396895648,10.3014064810926,4.076075,11.1443666666667,10.2799997329712,10.2799997329712,BGR,BG,Europe & Central Asia (excluding high income),Upper middle income
Bulgaria,2011,4.21990346601875,6.112979908139,4.25629214173815,3.36826666666667,10.6294583333333,11.2600002288818,11.2600002288818,BGR,BG,Europe & Central Asia (excluding high income),Upper middle income
Bulgaria,2012,2.95456829831017,1.11213679402751,8.50745697999523,3.08416666666667,9.71420833333333,12.2700004577637,12.2700004577637,BGR,BG,Europe & Central Asia (excluding high income),Upper middle income
Bulgaria,2013,0.890093540913032,0.0719620126108111,8.96499492994047,2.41330833333333,9.04340833333333,12.9399995803833,12.9399995803833,BGR,BG,Europe & Central Asia (excluding high income),Upper middle income
Bulgaria,2014,-1.41818380264842,1.34074019487281,6.83032456491182,1.65581666666667,8.26264166666667,11.4200000762939,11.4200000762939,BGR,BG,Europe & Central Asia (excluding high income),Upper middle income
Bulgaria,2015,-0.104633261008417,2.94678565677383,4.37321183091899,0.613891666666667,7.44886666666667,9.14000034332275,9.14000034332275,BGR,BG,Europe & Central Asia (excluding high income),Upper middle income
Bulgaria,2016,-0.798649886453611,3.32208191006247,2.97219597189042,0.173383333333333,6.39301666666667,7.57000017166138,7.57000017166138,BGR,BG,Europe & Central Asia (excluding high income),Upper middle income
Bulgaria,2017,2.06159619443137,4.81028842774043,0.600389441754796,0.0463083333333333,5.43955833333333,6.15999984741211,6.15999984741211,BGR,BG,Europe & Central Asia (excluding high income),Upper middle income
Bulgaria,2018,2.81454473824833,4.23265442376268,0.700903742954822,0.0274583333333333,4.963225,5.21000003814697,5.21000003814697,BGR,BG,Europe & Central Asia (excluding high income),Upper middle income
Bulgaria,2019,3.10372944796774,5.23681906149365,-0.653393683211312,0.0249666666666667,4.54920833333333,4.23000001907349,4.23000001907349,BGR,BG,Europe & Central Asia (excluding high income),Upper middle income
Bulgaria,2020,1.67244096855762,4.20261923130272,0.128609149193396,0.0133083333333333,4.33663333333333,5.11999988555908,5.11999988555908,BGR,BG,Europe & Central Asia (excluding high income),Upper middle income
China,1991,3.55668565220449,6.71453695956717,1.80431185412197,7.56,8.64,2.29999995231628,2.36999988555908,CHN,CN,East Asia & Pacific (excluding high income),Upper middle income
China,1992,6.3539813402487,8.19032302098248,0.415635120093234,7.56,8.64,2.29999995231628,2.36999988555908,CHN,CN,East Asia & Pacific (excluding high income),Upper middle income
China,1993,14.6100786356603,15.1858645086164,-3.65137209028093,10.98,10.98,2.59999990463257,2.69000005722046,CHN,CN,East Asia & Pacific (excluding high income),Upper middle income
China,1994,24.2569897243361,20.6169888126724,-7.98974415423304,10.98,10.98,2.79999995231628,2.90000009536743,CHN,CN,East Asia & Pacific (excluding high income),Upper middle income
China,1995,16.7912251650917,13.6656963992033,-1.4126481868056,10.98,12.06,2.90000009536743,3.0,CHN,CN,East Asia & Pacific (excluding high income),Upper middle income
China,1996,8.31316028893904,6.50673063592318,3.35497047251548,7.47,10.08,3.0,3.11999988555908,CHN,CN,East Asia & Pacific (excluding high income),Upper middle income
China,1997,2.78646505531886,1.6165687422919,6.91169889382912,5.67,8.64,3.09999990463257,3.23000001907349,CHN,CN,East Asia & Pacific (excluding high income),Upper middle income
China,1998,-0.773186011549305,-0.900251629238966,7.35647844630646,3.78,6.39,3.09999990463257,3.24000000953674,CHN,CN,East Asia & Pacific (excluding high income),Upper middle income
China,1999,-1.40147268276465,-1.26305893887778,7.20405034066683,2.25,5.85,3.09999990463257,3.25,CHN,CN,East Asia & Pacific (excluding high income),Upper middle income
China,2000,0.347811226864599,2.06279261368114,3.71066408172257,2.25,5.85,3.09999990463257,3.25999999046326,CHN,CN,East Asia & Pacific (excluding high income),Upper middle income
China,2001,0.719125609120107,2.04704945731334,3.72666388975553,2.25,5.85,3.59999990463257,3.79999995231628,CHN,CN,East Asia & Pacific (excluding high income),Upper middle income
China,2002,-0.731970902350276,0.602099078003945,4.67972434486251,1.98,5.31,4.0,4.23999977111816,CHN,CN,East Asia & Pacific (excluding high income),Upper middle income
China,2003,1.12760348729636,2.60317771895693,2.63814663563092,1.98,5.31,4.30000019073486,4.57999992370605,CHN,CN,East Asia & Pacific (excluding high income),Upper middle income
China,2004,3.82463743108159,6.9519926804569,-1.28281170464587,2.25,5.58,4.19999980926514,4.48999977111816,CHN,CN,East Asia & Pacific (excluding high income),Upper middle income
China,2005,1.77641407667574,3.90374426923287,1.61327750270832,2.25,5.58,4.19999980926514,4.51999998092651,CHN,CN,East Asia & Pacific (excluding high income),Upper middle income
China,2006,1.64943099455862,3.92654939664587,2.11057772637347,2.52,6.12,4.09999990463257,4.42999982833862,CHN,CN,East Asia & Pacific (excluding high income),Upper middle income
China,2007,4.81676767378831,7.74968649314771,-0.259570586468016,4.14,7.47,4.0,4.34999990463257,CHN,CN,East Asia & Pacific (excluding high income),Upper middle income
China,2008,5.92525137041095,7.79534603682124,-2.30561534258843,2.25,5.31,4.19999980926514,4.59000015258789,CHN,CN,East Asia & Pacific (excluding high income),Upper middle income
China,2009,-0.728165250932952,-0.209533360982732,5.53112290871345,2.25,5.31,4.30000019073486,4.71999979019165,CHN,CN,East Asia & Pacific (excluding high income),Upper middle income
China,2010,3.17532475269199,6.88138025315708,-1.00240121396208,2.75,5.81,4.09999990463257,4.53000020980835,CHN,CN,East Asia & Pacific (excluding high income),Upper middle income
China,2011,5.55389892257492,8.07568446695551,-1.40242874651321,3.5,6.56,4.09999990463257,4.55000019073486,CHN,CN,East Asia & Pacific (excluding high income),Upper middle income
China,2012,2.61952432645544,2.33121757577324,3.58520352942164,3.0,6.0,4.09999990463257,4.57000017166138,CHN,CN,East Asia & Pacific (excluding high income),Upper middle income
China,2013,2.62105001748115,2.16337002683569,3.75538705522002,3.0,6.0,4.05000019073486,4.59000015258789,CHN,CN,East Asia & Pacific (excluding high income),Upper middle income
China,2014,1.92164162788521,1.03106368767851,4.52230843223192,2.75,5.6,4.09999990463257,4.6100001335144,CHN,CN,East Asia & Pacific (excluding high income),Upper middle income
China,2017,1.59313600071434,4.23268197526643,0.112553973005713,1.5,4.35,3.90000009536743,4.44000005722046,CHN,CN,East Asia & Pacific (excluding high income),Upper middle income
China,2018,2.07479039965578,3.4997476356901,0.821501871968533,1.5,4.35,3.79999995231628,4.28000020980835,CHN,CN,East Asia & Pacific (excluding high income),Upper middle income
China,2019,2.89923416358227,1.28745207725503,3.02362026088787,1.5,4.35,5.15000009536743,4.51999998092651,CHN,CN,East Asia & Pacific (excluding high income),Upper middle income
Colombia,1991,30.348440545809,27.005774039708,15.286572758326,37.225,46.4206040955631,10.1199998855591,10.1199998855591,COL,CO,Latin America & Caribbean (excluding high income),Upper middle income
Colombia,1992,27.0305636040751,22.6643849544714,11.4580593659343,26.6716666666667,36.7193430034129,9.4399995803833,9.4399995803833,COL,CO,Latin America & Caribbean (excluding high income),Upper middle income
Colombia,1993,22.4413214627327,24.8415782785499,8.35840500316383,25.8358333333333,35.2763430034129,7.80000019073486,7.80000019073486,COL,CO,Latin America & Caribbean (excluding high income),Upper middle income
Colombia,1994,22.8471846643832,22.096378258478,14.5466691689345,29.4158333333333,39.8573344709897,8.25,8.25,COL,CO,Latin America & Caribbean (excluding high income),Upper middle income
Colombia,1995,20.8971286014773,18.8509572578895,19.5413245382102,32.3383333333333,42.0760085324232,8.72000026702881,8.72000026702881,COL,CO,Latin America & Caribbean (excluding high income),Upper middle income
Colombia,1996,20.7970867893992,16.868378789776,20.9582073168996,31.15,41.3618959044368,11.8100004196167,11.8100004196167,COL,CO,Latin America & Caribbean (excluding high income),Upper middle income
Colombia,1997,18.4625690839056,16.8398529336651,14.4388808948876,24.1283333333333,33.7102201365188,12.1400003433228,12.1400003433228,COL,CO,Latin America & Caribbean (excluding high income),Upper middle income
Colombia,1998,18.6812565385812,14.7730454087206,23.3781484646528,32.5833333333333,41.6048583617747,15.0,15.0,COL,CO,Latin America & Caribbean (excluding high income),Upper middle income
Colombia,1999,10.8733978176967,12.6229408341709,14.9195708997397,21.325,29.4258003412969,20.0599994659424,20.0599994659424,COL,CO,Latin America & Caribbean (excluding high income),Upper middle income
Colombia,2000,9.22257080235504,33.6753705077668,-11.13795591854,12.1466666666667,18.7866666666667,20.5200004577637,20.5200004577637,COL,CO,Latin America & Caribbean (excluding high income),Upper middle income
Colombia,2001,7.96970293133976,6.51844829202706,13.3324808384727,12.435,20.72,15.039999961853,15.039999961853,COL,CO,Latin America & Caribbean (excluding high income),Upper middle income
Colombia,2002,6.35192507425155,5.96819057296526,9.77520490050366,8.93833333333333,16.3267983308288,15.6300001144409,14.4799995422363,COL,CO,Latin America & Caribbean (excluding high income),Upper middle income
Colombia,2003,7.1307416862268,6.82901484184582,7.82379797812032,7.80333333333333,15.187101145088,14.1899995803833,13.2200002670288,COL,CO,Latin America & Caribbean (excluding high income),Upper middle income
Colombia,2004,5.90126181451809,7.28303340696419,7.27050966235802,7.79833333333333,15.0830567168883,13.7200002670288,12.7399997711182,COL,CO,Latin America & Caribbean (excluding high income),Upper middle income
Colombia,2005,5.05142028722872,4.75319610733476,9.36261382989136,7.01427022890105,14.5608333333333,11.8699998855591,11.0600004196167,COL,CO,Latin America & Caribbean (excluding high income),Upper middle income
Colombia,2007,5.54514128187459,5.20203381220649,9.67644438040688,8.01391205101273,15.3818501011015,10.25,10.25,COL,CO,Latin America & Caribbean (excluding high income),Upper middle income
Colombia,2008,6.99855040288351,7.67738291518263,8.82101697806755,9.74108003212746,17.1756231436697,10.5200004577637,10.4899997711182,COL,CO,Latin America & Caribbean (excluding high income),Upper middle income
Colombia,2009,4.2010447688327,4.06422546745462,8.59454735357321,6.14578342299999,13.0080746033842,11.3199996948242,11.289999961853,COL,CO,Latin America & Caribbean (excluding high income),Upper middle income
Colombia,2010,2.27118326422564,3.80486029146401,5.37222402661292,3.66186032985171,9.38148993683401,10.9799995422363,10.9799995422363,COL,CO,Latin America & Caribbean (excluding high income),Upper middle income
Colombia,2011,3.41758959146978,6.38680337285255,4.5429648424224,4.26388459690465,11.2199184470583,10.1099996566772,10.1099996566772,COL,CO,Latin America & Caribbean (excluding high income),Upper middle income
Colombia,2012,3.16732560328694,3.61665506268447,8.65535095377733,5.35583383898964,12.5850402049247,9.73999977111816,9.73999977111816,COL,CO,Latin America & Caribbean (excluding high income),Upper middle income
Colombia,2013,2.01809847891195,1.90767643221162,8.90797441037777,4.17001756470844,10.9855861710036,9.05000019073486,9.05000019073486,COL,CO,Latin America & Caribbean (excluding high income),Upper middle income
Colombia,2014,2.89781874427855,2.23563237643145,8.44294935194349,4.08940714973289,10.8673350376127,8.56999969482422,8.56999969482422,COL,CO,Latin America & Caribbean (excluding high income),Upper middle income
Colombia,2015,4.99023427513779,2.44932842052003,8.78547373201402,4.57923918208263,11.4499872575296,8.30000019073486,8.30000019073486,COL,CO,Latin America & Caribbean (excluding high income),Upper middle income
Colombia,2016,7.51429322788323,5.14833430514589,9.03209505722643,6.78343259286602,14.6454318106769,8.6899995803833,8.6899995803833,COL,CO,Latin America & Caribbean (excluding high income),Upper middle income
Colombia,2017,4.3121410323773,5.13373589963334,8.13449112757934,5.98939888576729,13.6858303184817,8.86999988555908,8.86999988555908,COL,CO,Latin America & Caribbean (excluding high income),Upper middle income
Colombia,2018,3.24023413752975,4.63057967327838,7.15306948982835,4.70855178832123,12.1148777449182,9.10999965667725,9.10999965667725,COL,CO,Latin America & Caribbean (excluding high income),Upper middle income
Colombia,2019,3.52549273618952,4.01071949388583,7.45917913658211,4.49793237696047,11.7690653821827,9.96000003814697,9.96000003814697,COL,CO,Latin America & Caribbean (excluding high income),Upper middle income
Colombia,2020,2.52462053498877,1.40690440919411,8.32647430792739,3.37808972227871,9.85052425129014,15.039999961853,15.039999961853,COL,CO,Latin America & Caribbean (excluding high income),Upper middle income
Costa Rica,1991,28.7092913706618,64.7746866218925,-15.7177378513176,27.315,38.8758333333333,5.36999988555908,5.36999988555908,CRI,CR,Latin America & Caribbean (excluding high income),Upper middle income
Costa Rica,1992,21.7911687900609,19.7288531351145,7.29312940830121,15.8033333333333,28.4608333333333,3.9300000667572,3.9300000667572,CRI,CR,Latin America & Caribbean (excluding high income),Upper middle income
Costa Rica,1993,9.7786007829378,10.4355721700895,17.7345585108023,16.8975,30.0208333333333,3.95000004768372,3.95000004768372,CRI,CR,Latin America & Caribbean (excluding high income),Upper middle income
Costa Rica,1994,13.5344687273427,15.6704773361108,15.0041362298453,17.7233333333333,33.0258333333333,4.05000019073486,4.05000019073486,CRI,CR,Latin America & Caribbean (excluding high income),Upper middle income
Costa Rica,1995,23.1864981102567,21.2362437949148,12.7509362886856,23.8766666666667,36.695,5.17999982833862,5.17999982833862,CRI,CR,Latin America & Caribbean (excluding high income),Upper middle income
Costa Rica,1996,17.5114524814591,15.075066828799,9.73199507633478,17.29,26.2741666666667,6.15999984741211,6.15999984741211,CRI,CR,Latin America & Caribbean (excluding high income),Upper middle income
Costa Rica,1997,13.2480440791191,14.6798929267286,6.7987277812682,13.025,22.4766666666667,5.67999982833862,5.67999982833862,CRI,CR,Latin America & Caribbean (excluding high income),Upper middle income
Costa Rica,1998,11.6592997742233,11.9381949309125,9.41156716786711,12.7566666666667,22.4733333333333,5.32999992370605,5.32999992370605,CRI,CR,Latin America & Caribbean (excluding high income),Upper middle income
Costa Rica,1999,10.0452817292494,11.0294713515111,13.2465087597561,14.3083333333333,25.737,5.90000009536743,5.90000009536743,CRI,CR,Latin America & Caribbean (excluding high income),Upper middle income
Costa Rica,2000,10.9615496593622,9.38971355218889,14.1690224895626,13.3819475,24.8891666666667,5.07999992370605,5.07999992370605,CRI,CR,Latin America & Caribbean (excluding high income),Upper middle income
Costa Rica,2001,11.2556157091172,9.72093790550429,12.8615666326295,11.7716611108333,23.8327694441667,5.92000007629395,5.92000007629395,CRI,CR,Latin America & Caribbean (excluding high income),Upper middle income
Costa Rica,2002,9.16752048509115,9.78688628207978,15.1473285633216,11.4583333330556,26.4166666666667,6.32999992370605,6.32999992370605,CRI,CR,Latin America & Caribbean (excluding high income),Upper middle income
Costa Rica,2003,9.4475809161698,10.648236989175,13.497816820723,10.4097222222222,25.5833333333333,6.55999994277954,6.55999994277954,CRI,CR,Latin America & Caribbean (excluding high income),Upper middle income
Costa Rica,2004,12.3148150178852,13.3503494311081,8.88855321136088,9.51388888888889,23.4255555555556,6.3899998664856,6.3899998664856,CRI,CR,Latin America & Caribbean (excluding high income),Upper middle income
Costa Rica,2005,13.7982949108987,13.0133254430109,10.3018894848762,10.1425,24.6558333333333,6.57000017166138,6.57000017166138,CRI,CR,Latin America & Caribbean (excluding high income),Upper middle income
Costa Rica,2006,11.4705968149052,12.984310488195,8.14628403303831,9.77166666666667,22.1883333333333,5.73999977111816,5.73999977111816,CRI,CR,Latin America & Caribbean (excluding high income),Upper middle income
Costa Rica,2007,9.35724456417162,10.5167859476397,2.06443515899431,6.35083333333333,12.7983333333333,4.48999977111816,4.48999977111816,CRI,CR,Latin America & Caribbean (excluding high income),Upper middle income
Costa Rica,2008,13.4244635507283,11.4237857844244,3.95222095944188,4.15,15.8275,4.78000020980835,4.78000020980835,CRI,CR,Latin America & Caribbean (excluding high income),Upper middle income
Costa Rica,2009,7.84270167700652,9.7013309177228,9.13571634160675,6.95916666666667,19.7233333333333,7.71000003814697,7.71000003814697,CRI,CR,Latin America & Caribbean (excluding high income),Upper middle income
Costa Rica,2010,5.66275708420023,6.62884486202418,9.81159318085716,5.32333333333333,17.0908333333333,7.17000007629395,7.17000007629395,CRI,CR,Latin America & Caribbean (excluding high income),Upper middle income
Costa Rica,2011,4.87799830970698,4.59322514078751,11.045273895126,4.00916666666667,16.1458333333333,10.1400003433228,10.1400003433228,CRI,CR,Latin America & Caribbean (excluding high income),Upper middle income
Costa Rica,2012,4.49545314354611,4.73363301380849,12.8696643077534,4.73861111111111,18.2125,9.77999973297119,9.77999973297119,CRI,CR,Latin America & Caribbean (excluding high income),Upper middle income
Costa Rica,2013,5.23133614174423,4.59021167903097,10.1329957021467,3.8775,15.1883333333333,8.77000045776367,8.77000045776367,CRI,CR,Latin America & Caribbean (excluding high income),Upper middle income
Costa Rica,2014,4.51920098516958,6.20692042030781,8.18791760540022,3.32277777777778,14.9030555555556,9.0600004196167,9.0600004196167,CRI,CR,Latin America & Caribbean (excluding high income),Upper middle income
Costa Rica,2015,0.801982005099592,3.95521539724497,9.88706328663989,2.37083333333333,14.2333333333334,9.0,9.0,CRI,CR,Latin America & Caribbean (excluding high income),Upper middle income
Costa Rica,2016,-0.0174788505908107,1.95876480210239,9.49388346141391,1.2125,11.6386111111111,8.60000038146973,8.60000038146973,CRI,CR,Latin America & Caribbean (excluding high income),Upper middle income
Costa Rica,2017,1.62590692991729,2.85888372776628,8.26983032757373,2.79433333333333,11.3651388888889,8.14000034332275,8.14000034332275,CRI,CR,Latin America & Caribbean (excluding high income),Upper middle income
Costa Rica,2018,2.22111461526584,2.19247842783474,8.73920721931725,4.01572786111484,11.1232908801993,9.63000011444092,9.63000011444092,CRI,CR,Latin America & Caribbean (excluding high income),Upper middle income
Costa Rica,2019,2.09604635327805,2.17861841532189,6.42750048539231,4.63510715625992,8.74614960993387,11.4899997711182,11.4899997711182,CRI,CR,Latin America & Caribbean (excluding high income),Upper middle income
Costa Rica,2020,0.724911478131358,0.204431540028978,6.42052525714322,2.58321623,6.63808237583333,17.4099998474121,17.4099998474121,CRI,CR,Latin America & Caribbean (excluding high income),Upper middle income
Dominican Republic,2000,7.72413566181619,7.20776279717097,18.2742399974908,17.6533333333333,26.7991666666667,6.42999982833862,6.42999982833862,DOM,DO,Latin America & Caribbean (excluding high income),Upper middle income
Dominican Republic,2001,8.88306848812965,6.04073883566554,17.184522380505,15.605,24.2633333333333,7.26000022888184,7.26000022888184,DOM,DO,Latin America & Caribbean (excluding high income),Upper middle income
Dominican Republic,2002,5.22336769759445,6.92066884933828,17.8958206645937,16.54,26.055,6.78000020980835,6.78000020980835,DOM,DO,Latin America & Caribbean (excluding high income),Upper middle income
Dominican Republic,2003,27.4497127394394,33.4615406633308,-1.55091420822536,20.4975,31.3916666666667,6.94000005722046,6.94000005722046,DOM,DO,Latin America & Caribbean (excluding high income),Upper middle income
Dominican Republic,2004,51.4608598338066,45.166310045594,-8.63525201427491,21.1175,32.6308333333333,6.30000019073486,6.30000019073486,DOM,DO,Latin America & Caribbean (excluding high income),Upper middle income
Dominican Republic,2005,4.19020260472054,5.78125184255491,17.3262411862842,13.8216666666667,24.1091666666667,6.59000015258789,6.59000015258789,DOM,DO,Latin America & Caribbean (excluding high income),Upper middle income
Dominican Republic,2006,7.57280523853076,6.64124477285613,12.0345137141633,9.79416666666667,19.475,5.65000009536743,5.65000009536743,DOM,DO,Latin America & Caribbean (excluding high income),Upper middle income
Dominican Republic,2007,6.14356655248045,7.63662743651099,7.60974471103748,6.93333333333333,15.8275,5.15999984741211,5.15999984741211,DOM,DO,Latin America & Caribbean (excluding high income),Upper middle income
Dominican Republic,2008,10.6446210953712,10.3916875139185,8.65401435672139,10.0958333333333,19.945,4.76000022888184,4.76000022888184,DOM,DO,Latin America & Caribbean (excluding high income),Upper middle income
Dominican Republic,2009,1.44215131834352,3.49814656597557,14.1429457947122,7.6325,18.1358333333333,5.46999979019165,5.46999979019165,DOM,DO,Latin America & Caribbean (excluding high income),Upper middle income
Dominican Republic,2010,6.32993220146144,5.44341331542486,6.34772067859711,4.82,12.1366666666667,5.21000003814697,5.21000003814697,DOM,DO,Latin America & Caribbean (excluding high income),Upper middle income
Dominican Republic,2011,5.79676809206526,8.06075517514766,6.93058716155887,7.555,15.55,6.09000015258789,6.09000015258789,DOM,DO,Latin America & Caribbean (excluding high income),Upper middle income
Dominican Republic,2012,3.69449707884785,5.09818154500647,9.88058813419776,7.0507406750759,15.4825,6.71999979019165,6.71999979019165,DOM,DO,Latin America & Caribbean (excluding high income),Upper middle income
Dominican Republic,2013,4.830950967408,4.69281914231266,8.49970558368276,5.58619089438646,13.5914005366667,7.34999990463257,7.34999990463257,DOM,DO,Latin America & Caribbean (excluding high income),Upper middle income
Dominican Republic,2014,2.99864226125217,4.32128893767675,9.18432964152428,6.39952608898245,13.9025,6.71999979019165,6.71999979019165,DOM,DO,Latin America & Caribbean (excluding high income),Upper middle income
Dominican Republic,2015,0.836746346724583,2.47188597709767,12.105545410125,6.42916666666667,14.8766666666667,7.6100001335144,7.6100001335144,DOM,DO,Latin America & Caribbean (excluding high income),Upper middle income
Dominican Republic,2016,1.61416607245221,1.99367846452935,12.834607398428,6.69333333333333,15.0841666666667,7.28000020980835,7.28000020980835,DOM,DO,Latin America & Caribbean (excluding high income),Upper middle income
Dominican Republic,2017,3.27955694678546,4.18137503365021,9.3381614162872,6.00333333333333,13.91,5.82999992370605,5.82999992370605,DOM,DO,Latin America & Caribbean (excluding high income),Upper middle income
Dominican Republic,2018,3.56443426013507,4.12148968696981,8.0792258527232,6.00896666666667,12.5337,5.8600001335144,5.8600001335144,DOM,DO,Latin America & Caribbean (excluding high income),Upper middle income
Dominican Republic,2019,1.8106037704296,2.52561865647056,9.71576484075912,6.12320833333333,12.4867666666667,6.17999982833862,6.3600001335144,DOM,DO,Latin America & Caribbean (excluding high income),Upper middle income
Dominican Republic,2020,3.78103179915516,4.72350401957794,5.97395752334564,4.64739166666667,10.9796416666667,6.13000011444092,6.13000011444092,DOM,DO,Latin America & Caribbean (excluding high income),Upper middle income
Ethiopia,1994,7.59387600185339,2.93108172886936,11.0775592881639,11.5,14.3333333333333,3.09999990463257,3.09999990463257,ETH,ET,Sub-Saharan Africa (excluding high income),Low income
Ethiopia,1999,7.94144864137327,2.22272296463859,8.17718747809103,6.0,10.5816666666667,3.71000003814697,3.71000003814697,ETH,ET,Sub-Saharan Africa (excluding high income),Low income
Ethiopia,2005,12.944879209999,9.87551191119556,-2.61706349411107,3.46349254112218,7.0,2.5,2.5,ETH,ET,Sub-Saharan Africa (excluding high income),Low income
Guatemala,2003,5.6034767543447,4.47123467160999,10.0574083332611,4.7825,14.9783333333333,2.80999994277954,2.80999994277954,GTM,GT,Latin America & Caribbean (excluding high income),Upper middle income
Guatemala,2004,7.57862247309731,6.02385881441585,7.34454924202275,4.19,13.8108333333333,2.97000002861023,2.97000002861023,GTM,GT,Latin America & Caribbean (excluding high income),Upper middle income
Guatemala,2006,6.56085282795383,4.98133297071131,7.41195297211511,4.50333333333333,12.7625,1.89999997615814,3.06100010871887,GTM,GT,Latin America & Caribbean (excluding high income),Upper middle income
Guatemala,2010,3.85950909833169,5.13757298846622,7.80319865201804,5.4525,13.3416666666667,3.5,3.5,GTM,GT,Latin America & Caribbean (excluding high income),Upper middle income
Guatemala,2011,6.21412393067094,6.89464340316468,6.11382983166567,5.24416666666667,13.43,4.13000011444092,3.08500003814697,GTM,GT,Latin America & Caribbean (excluding high income),Upper middle income
Guatemala,2012,3.78180754679685,3.37775084412593,9.77861845512881,5.29333333333333,13.4866666666667,2.75999999046326,2.75999999046326,GTM,GT,Latin America & Caribbean (excluding high income),Upper middle income
Guatemala,2013,4.34337131279513,3.35844634594847,9.90635406784334,5.45166666666667,13.5975,3.01999998092651,3.01999998092651,GTM,GT,Latin America & Caribbean (excluding high income),Upper middle income
Guatemala,2014,3.41836169662962,2.86031160659735,10.6095553827158,5.4775,13.7733333333333,2.72000002861023,2.72000002861023,GTM,GT,Latin America & Caribbean (excluding high income),Upper middle income
Guatemala,2015,2.38872032839552,2.23162145989066,10.7558487120577,5.46583333333333,13.2275,2.50999999046326,2.50999999046326,GTM,GT,Latin America & Caribbean (excluding high income),Upper middle income
Guatemala,2016,4.44844199942824,2.70719129663175,10.1204942310362,5.475,13.1016666666667,2.57999992370605,2.57999992370605,GTM,GT,Latin America & Caribbean (excluding high income),Upper middle income
Guatemala,2017,4.42453655182543,1.7479141087134,11.1120239240217,5.37,13.0541666666667,2.46000003814697,2.46000003814697,GTM,GT,Latin America & Caribbean (excluding high income),Upper middle income
Guatemala,2018,3.75186186704512,1.18961296201772,11.5957755226516,5.1725,12.9233333333333,2.27999997138977,2.27999997138977,GTM,GT,Latin America & Caribbean (excluding high income),Upper middle income
Guatemala,2019,3.69998398008601,3.68060643662776,8.73859365612738,5.00833333333333,12.7408333333333,2.19000005722046,2.19000005722046,GTM,GT,Latin America & Caribbean (excluding high income),Upper middle income
Haiti,2007,6.55722772638073,9.15410719066109,12.7610646096366,5.91666666666667,23.0833333333333,16.7999992370605,16.7999992370605,HTI,HT,Latin America & Caribbean (excluding high income),Lower middle income
Haiti,2012,5.01804155429241,8.20779379091175,0.671275931527155,0.454166666666667,8.93416666666667,14.1000003814697,14.1000003814697,HTI,HT,Latin America & Caribbean (excluding high income),Lower middle income
Honduras,1991,33.9722602535864,26.2836710311306,-3.49108558147936,11.45,21.875,4.57999992370605,4.57999992370605,HND,HN,Latin America & Caribbean (excluding high income),Lower middle income
Honduras,1992,8.75988625255488,3.67417388031402,17.3709215892184,12.3416666666667,21.6833333333333,3.05999994277954,3.05999994277954,HND,HN,Latin America & Caribbean (excluding high income),Lower middle income
Honduras,1995,29.4645292281585,23.7139686839353,2.61573640429569,11.9666666666667,26.95,3.24000000953674,3.24000000953674,HND,HN,Latin America & Caribbean (excluding high income),Lower middle income
Honduras,1996,23.8378353073358,18.1935778444514,9.77048756186494,16.7,29.7416666666667,4.36999988555908,4.36999988555908,HND,HN,Latin America & Caribbean (excluding high income),Lower middle income
Honduras,1997,20.1998667554962,16.8116051387563,13.0595427652839,21.2833333333333,32.0666666666667,3.3199999332428,3.3199999332428,HND,HN,Latin America & Caribbean (excluding high income),Lower middle income
Honduras,1998,13.6681077485869,10.2989949131436,18.4892936720915,18.5825,30.6925,4.01999998092651,4.01999998092651,HND,HN,Latin America & Caribbean (excluding high income),Lower middle income
Honduras,1999,11.66374097913,7.57572728281066,20.9868650553821,19.9658333333333,30.1525,3.84999990463257,3.84999990463257,HND,HN,Latin America & Caribbean (excluding high income),Lower middle income
Honduras,2001,9.67415556865373,8.08434938014908,14.5070191720073,14.4766666666667,23.7641666666667,4.0,4.0,HND,HN,Latin America & Caribbean (excluding high income),Lower middle income
Honduras,2002,7.69050972034273,5.13193992154596,16.7023341391041,13.7446810536932,22.6914278141648,4.01999998092651,4.01999998092651,HND,HN,Latin America & Caribbean (excluding high income),Lower middle income
Honduras,2003,7.67416639397934,5.75974076655675,14.2250659198217,11.4838022341175,20.804133607232,5.30000019073486,5.30000019073486,HND,HN,Latin America & Caribbean (excluding high income),Lower middle income
Honduras,2004,8.1137909709338,6.45198385160759,12.6107713947498,11.0947345018684,19.8764001803098,5.98999977111816,5.98999977111816,HND,HN,Latin America & Caribbean (excluding high income),Lower middle income
Honduras,2005,8.80906074819817,7.27916415839877,10.7680920759953,10.8975,18.8310833333333,4.90999984741211,4.90999984741211,HND,HN,Latin America & Caribbean (excluding high income),Lower middle income
Honduras,2006,5.57775207654297,5.34866346521486,11.4742824482469,9.33166666666667,17.4366666666667,3.5699999332428,3.5699999332428,HND,HN,Latin America & Caribbean (excluding high income),Lower middle income
Honduras,2007,6.93621470895782,6.62550716828601,9.35938603880539,7.78333333333333,16.605,3.21000003814697,3.21000003814697,HND,HN,Latin America & Caribbean (excluding high income),Lower middle income
Honduras,2008,11.4034270813932,7.79051363926141,9.41284412222124,9.49083333333333,17.9366666666667,3.16000008583069,3.16000008583069,HND,HN,Latin America & Caribbean (excluding high income),Lower middle income
Honduras,2009,5.49634273772205,7.65373242322937,10.9529575160613,10.8166666666667,19.445,3.28999996185303,3.28999996185303,HND,HN,Latin America & Caribbean (excluding high income),Lower middle income
Honduras,2010,4.69889064976229,4.67604329499009,13.5547928877014,9.81368916666667,18.8646641666667,4.11999988555908,4.11999988555908,HND,HN,Latin America & Caribbean (excluding high income),Lower middle income
Honduras,2011,6.76227957314765,7.8072052366428,9.97180699233074,8.1821625,18.5575316666667,4.46999979019165,4.46999979019165,HND,HN,Latin America & Caribbean (excluding high income),Lower middle income
Honduras,2012,5.19618615531848,3.57978742613756,14.3569629848232,8.934915,18.4506991666667,3.75,3.75,HND,HN,Latin America & Caribbean (excluding high income),Lower middle income
Honduras,2013,5.1618989858149,1.37403051856492,18.4532824160286,11.6474283333333,20.0808666666667,5.65000009536743,5.65000009536743,HND,HN,Latin America & Caribbean (excluding high income),Lower middle income
Honduras,2014,6.12924930313027,6.84935672480186,12.8806218683924,10.8226783333333,20.6122183333333,7.07999992370605,7.07999992370605,HND,HN,Latin America & Caribbean (excluding high income),Lower middle income
Honduras,2015,3.15783117980921,6.9327703694637,12.8349768268253,9.70041916666667,20.6575666666667,6.15000009536743,6.15000009536743,HND,HN,Latin America & Caribbean (excluding high income),Lower middle income
Honduras,2016,2.72461223295292,3.67806814426042,15.0985365589809,8.64420583333333,19.3319391666667,6.73000001907349,6.73000001907349,HND,HN,Latin America & Caribbean (excluding high income),Lower middle income
Honduras,2017,3.93436084442035,4.5128429763521,14.1091275837915,8.25449166666667,19.2586933333333,5.53000020980835,5.53000020980835,HND,HN,Latin America & Caribbean (excluding high income),Lower middle income
Honduras,2018,4.34734937777536,1.94721691531043,15.5540781113514,8.29833333333333,17.8041666666667,5.65000009536743,5.65000009536743,HND,HN,Latin America & Caribbean (excluding high income),Lower middle income
Honduras,2019,4.36587159819272,4.12669713335944,12.6888395551292,8.41833333333333,17.3391666666667,5.69999980926514,5.69999980926514,HND,HN,Latin America & Caribbean (excluding high income),Lower middle income
Honduras,2020,3.46841177951168,4.63418667466125,11.8268993961629,8.13,17.0091666666667,10.9799995422363,8.3730001449585,HND,HN,Latin America & Caribbean (excluding high income),Lower middle income
Iraq,2007,-10.0674925768978,14.4423764486694,3.79313766401111,10.43,18.7833333333333,8.64999961853027,8.64999961853027,IRQ,IQ,Middle East & North Africa (excluding high income),Upper middle income
Iraq,2012,6.08909641595044,2.66976938276827,10.9065508616124,5.87416666666667,13.8675,7.96000003814697,7.96000003814697,IRQ,IQ,Middle East & North Africa (excluding high income),Upper middle income
Iraq,2014,2.23597407904678,-2.84317132634014,15.8985270212521,5.15833333333333,12.6033333333333,10.5900001525879,10.5900001525879,IRQ,IQ,Middle East & North Africa (excluding high income),Upper middle income
Iraq,2016,0.556521397155519,-11.1041709203303,26.3997082773689,4.77975490196079,12.364068627451,10.8199996948242,10.8199996948242,IRQ,IQ,Middle East & North Africa (excluding high income),Upper middle income
Jordan,2000,0.666880925597913,-0.408109289884976,12.2572991330024,6.96833333333333,11.7991666666667,13.6999998092651,13.6999998092651,JOR,JO,Middle East & North Africa (excluding high income),Upper middle income
Jordan,2001,1.77220437351018,0.779277591346059,10.0780199905495,5.805,10.9358333333333,14.6999998092651,14.6999998092651,JOR,JO,Middle East & North Africa (excluding high income),Upper middle income
Jordan,2002,1.83299389002049,0.922886900182249,9.17163593986304,4.42583333333333,10.1791666666667,15.3000001907349,15.3000001907349,JOR,JO,Middle East & North Africa (excluding high income),Upper middle income
Jordan,2003,1.63,2.14820915351636,6.99812319020399,3.14333333333333,9.29666666666667,14.5,14.5,JOR,JO,Middle East & North Africa (excluding high income),Upper middle income
Jordan,2005,3.4936853461953,2.00660028346704,5.4899059155364,2.9125,7.60666666666667,14.8000001907349,14.8000001907349,JOR,JO,Middle East & North Africa (excluding high income),Upper middle income
Jordan,2006,6.25172466656442,10.6519999066127,-2.23553715736458,4.62083333333333,8.17833333333333,14.0,14.0,JOR,JO,Middle East & North Africa (excluding high income),Upper middle income
Jordan,2007,4.74390639021646,5.05020233148838,3.45212503611834,5.44666666666667,8.67666666666667,13.1000003814697,13.1000003814697,JOR,JO,Middle East & North Africa (excluding high income),Upper middle income
Jordan,2008,13.9712310012729,23.6098425616172,-11.7970723523478,5.46083333333333,9.0275,12.6999998092651,12.6999998092651,JOR,JO,Middle East & North Africa (excluding high income),Upper middle income
Jordan,2009,-0.739069743144773,3.16159648072517,5.89858086102657,4.94416666666667,9.24666666666667,12.8999996185303,12.8999996185303,JOR,JO,Middle East & North Africa (excluding high income),Upper middle income
Jordan,2010,4.84551875852119,8.07745609713074,0.87595563748754,3.5275,9.02416666666667,12.5,12.5,JOR,JO,Middle East & North Africa (excluding high income),Upper middle income
Jordan,2011,4.16244162927781,5.91051095801734,2.64640624425561,3.395,8.71333333333333,12.8999996185303,12.8999996185303,JOR,JO,Middle East & North Africa (excluding high income),Upper middle income
Jordan,2012,4.51522956670998,4.60681522593885,3.99019709985347,3.77166666666667,8.78083333333333,12.1999998092651,12.1999998092651,JOR,JO,Middle East & North Africa (excluding high income),Upper middle income
Jordan,2013,4.82462314269542,6.1436238894444,2.70046942578587,4.8475,9.01,12.6000003814697,12.6000003814697,JOR,JO,Middle East & North Africa (excluding high income),Upper middle income
Jordan,2014,2.89947905006047,3.44532356315609,5.36000685759248,4.51916666666667,8.99,11.8999996185303,11.8999996185303,JOR,JO,Middle East & North Africa (excluding high income),Upper middle income
Jordan,2015,-0.876851359704022,2.16975211695323,6.17297626649221,3.49916666666667,8.47666666666667,13.0799999237061,13.0799999237061,JOR,JO,Middle East & North Africa (excluding high income),Upper middle income
Jordan,2016,-0.778430463054117,1.36200664175068,6.66225302949733,3.02666666666667,8.115,15.2799997329712,15.2799997329712,JOR,JO,Middle East & North Africa (excluding high income),Upper middle income
Jordan,2017,3.32389447576096,1.6790764565912,6.60338106002426,3.43333333333333,8.39333333333333,18.1399993896484,18.1399993896484,JOR,JO,Middle East & North Africa (excluding high income),Upper middle income
Jordan,2018,4.46231108475485,1.71112806086828,6.83360684156299,4.37833333333333,8.66166666666667,18.2700004577637,18.2700004577637,JOR,JO,Middle East & North Africa (excluding high income),Upper middle income
Jordan,2019,0.761514047265513,1.67062575504566,6.87944447377145,4.93416666666667,8.665,16.8099994659424,16.8099994659424,JOR,JO,Middle East & North Africa (excluding high income),Upper middle income
Jordan,2020,0.33329435062843,-0.262084211912423,7.763263834084,4.075,7.48083333333333,19.2199993133545,19.0259990692139,JOR,JO,Middle East & North Africa (excluding high income),Upper middle income
Lebanon,2009,1.19509671165545,10.2845410021418,-0.649418007546997,7.3175,9.56833333333334,6.34999990463257,6.34999990463257,LBN,LB,Middle East & North Africa (excluding high income),Upper middle income
Lebanon,2019,3.0053894939038,4.35774652108361,5.89854324902088,9.69666666666667,10.5133333333333,11.3500003814697,11.3500003814697,LBN,LB,Middle East & North Africa (excluding high income),Upper middle income
Mexico,1993,9.75146045357564,36.1630460075926,-13.1739458932142,16.6858333333333,18.225,3.36999988555908,3.36999988555908,MEX,MX,Latin America & Caribbean (excluding high income),Upper middle income
Mexico,1994,6.96581237191123,8.81050439856685,9.64014978095378,15.0291666666667,19.3,4.44000005722046,4.44000005722046,MEX,MX,Latin America & Caribbean (excluding high income),Upper middle income
Mexico,1995,34.9992712889592,38.4646570812515,15.1424991961029,39.8225,59.4316666666667,7.09999990463257,7.09999990463257,MEX,MX,Latin America & Caribbean (excluding high income),Upper middle income
Mexico,1996,34.3783832235167,26.5455123731278,7.77611214784978,26.4041666666667,36.3858333333333,5.46999979019165,5.46999979019165,MEX,MX,Latin America & Caribbean (excluding high income),Upper middle income
Mexico,1997,20.6256287259248,18.7448692907348,2.8591809730765,16.3633333333333,22.14,4.23999977111816,4.23999977111816,MEX,MX,Latin America & Caribbean (excluding high income),Upper middle income
Mexico,1998,15.9283950119352,15.4296852863347,9.46779679758199,15.4541666666667,26.3583333333333,3.73000001907349,3.73000001907349,MEX,MX,Latin America & Caribbean (excluding high income),Upper middle income
Mexico,1999,16.5856169707539,16.102819047641,6.58009944549598,11.6016666666667,23.7425,2.59999990463257,2.59999990463257,MEX,MX,Latin America & Caribbean (excluding high income),Upper middle income
Mexico,2000,9.49156149435404,11.1522061155358,5.19659251008799,8.25666666666667,16.9283333333333,2.65000009536743,2.65000009536743,MEX,MX,Latin America & Caribbean (excluding high income),Upper middle income
Mexico,2001,6.36773806235032,6.04149011476282,6.36874291178691,6.23416666666667,12.795,2.63000011444092,2.63000011444092,MEX,MX,Latin America & Caribbean (excluding high income),Upper middle income
Mexico,2002,5.03072733151299,5.50336587192604,2.56623799537731,3.7575,8.21083333333334,3.0,3.0,MEX,MX,Latin America & Caribbean (excluding high income),Upper middle income
Mexico,2003,4.54690012118717,4.0394555694029,2.86722418362441,3.08583333333333,7.0225,3.46000003814697,3.46000003814697,MEX,MX,Latin America & Caribbean (excluding high income),Upper middle income
Mexico,2004,4.68840884843147,7.96171097710625,-0.484780797781082,2.695,7.43833333333333,3.94000005722046,3.94000005722046,MEX,MX,Latin America & Caribbean (excluding high income),Upper middle income
Mexico,2005,3.98805714597435,5.87392141103811,3.60908384051176,3.45666666666667,9.695,3.55999994277954,3.55999994277954,MEX,MX,Latin America & Caribbean (excluding high income),Upper middle income
Mexico,2006,3.62946762439129,6.38922240841194,1.05519369988602,3.29666666666667,7.51183478062322,3.5699999332428,3.5699999332428,MEX,MX,Latin America & Caribbean (excluding high income),Upper middle income
Mexico,2007,3.96684905458234,5.78906129053314,1.6748159225407,3.205,7.56083333333333,3.63000011444092,3.63000011444092,MEX,MX,Latin America & Caribbean (excluding high income),Upper middle income
Mexico,2008,5.12498274575897,6.17251207077045,2.38598083105844,3.0425,8.70576785663225,3.86999988555908,3.86999988555908,MEX,MX,Latin America & Caribbean (excluding high income),Upper middle income
Mexico,2009,5.29735584228859,3.94766289502098,2.99894871915234,2.01083333333333,7.065,5.3600001335144,5.3600001335144,MEX,MX,Latin America & Caribbean (excluding high income),Upper middle income
Mexico,2010,4.15672722680176,4.54515133760761,0.703697862897527,1.2125,5.28083333333333,5.30000019073486,5.30000019073486,MEX,MX,Latin America & Caribbean (excluding high income),Upper middle income
Mexico,2011,3.40737824605736,5.84287319478247,-0.880588209027461,0.955833333333333,4.91083333333333,5.17000007629395,5.17000007629395,MEX,MX,Latin America & Caribbean (excluding high income),Upper middle income
Mexico,2012,4.11150981070293,4.06592696849427,0.590881552446298,1.08166666666667,4.68083333333333,4.8899998664856,4.8899998664856,MEX,MX,Latin America & Caribbean (excluding high income),Upper middle income
Mexico,2013,3.80639069747207,1.52973082061064,2.69980279723765,1.33166666666667,4.27083333333333,4.90999984741211,4.90999984741211,MEX,MX,Latin America & Caribbean (excluding high income),Upper middle income
Mexico,2014,4.01861608078673,4.43971916284347,-0.850301497643956,0.84,3.55166666666667,4.80999994277954,4.80999994277954,MEX,MX,Latin America & Caribbean (excluding high income),Upper middle income
Mexico,2015,2.7206406496403,2.83508621841817,0.587426403246703,0.589166666666667,3.43916666666667,4.30999994277954,4.30999994277954,MEX,MX,Latin America & Caribbean (excluding high income),Upper middle income
Mexico,2016,2.82170784747653,5.60527751287923,-0.805935902312038,1.2875,4.75416666666667,3.85999989509583,3.85999989509583,MEX,MX,Latin America & Caribbean (excluding high income),Upper middle income
Mexico,2017,6.04145724018992,6.71270642990439,0.580805782957757,2.69583333333333,7.3325,3.42000007629395,3.42000007629395,MEX,MX,Latin America & Caribbean (excluding high income),Upper middle income
Mexico,2018,4.89935015356549,4.94641112250018,2.94777958046491,3.27083333333333,8.04,3.27999997138977,3.27999997138977,MEX,MX,Latin America & Caribbean (excluding high income),Upper middle income
Mexico,2019,3.6359614212705,4.13502375444384,4.12362983884141,3.52666666666667,8.42916666666667,3.48000001907349,3.48000001907349,MEX,MX,Latin America & Caribbean (excluding high income),Upper middle income
Mexico,2020,3.39683415569999,2.9066998496146,3.33794283761101,1.46333333333333,6.34166666666667,4.44999980926514,4.44999980926514,MEX,MX,Latin America & Caribbean (excluding high income),Upper middle income
Nicaragua,2001,5.98604186279517,7.24150933984416,10.547728097578,11.5594916576681,18.5530521527496,4.11999988555908,7.44999980926514,NIC,NI,Latin America & Caribbean (excluding high income),Lower middle income
Nicaragua,2003,5.30238773219938,5.33107719750952,9.70097533554037,5.55170709730048,15.5492190170989,7.59999990463257,7.59999990463257,NIC,NI,Latin America & Caribbean (excluding high income),Lower middle income
Nicaragua,2004,8.47021063584074,9.05090240497574,4.07198285540005,4.71597047096443,13.4914364545654,6.40999984741211,6.40999984741211,NIC,NI,Latin America & Caribbean (excluding high income),Lower middle income
Nicaragua,2005,9.59909986064426,9.8670941490748,2.03360826290627,4.02968832420311,12.1013604539054,5.36999988555908,5.36999988555908,NIC,NI,Latin America & Caribbean (excluding high income),Lower middle income
Nicaragua,2006,9.1401996677772,7.86791204769719,3.43742788367198,4.86527738443551,11.5757937339595,5.30999994277954,5.30999994277954,NIC,NI,Latin America & Caribbean (excluding high income),Lower middle income
Nicaragua,2007,11.1269347446119,9.67398355102466,3.07044688515891,6.07520245919856,13.0414649627968,4.8899998664856,4.8899998664856,NIC,NI,Latin America & Caribbean (excluding high income),Lower middle income
Nicaragua,2008,19.8262031287428,16.1992843640352,-2.60753241315566,6.57258715229673,13.1693503603881,6.19999980926514,6.19999980926514,NIC,NI,Latin America & Caribbean (excluding high income),Lower middle income
Nicaragua,2009,3.68700160498801,6.0365128712663,7.55226811789041,6.00800969756185,14.0446746261657,8.15999984741211,8.15999984741211,NIC,NI,Latin America & Caribbean (excluding high income),Lower middle income
Nicaragua,2010,5.45513425887415,6.13752882353353,6.76710501155113,2.99132829223272,13.3199668556874,7.82999992370605,7.82999992370605,NIC,NI,Latin America & Caribbean (excluding high income),Lower middle income
Nicaragua,2012,7.19355053338952,6.24411108341518,5.41225016073755,0.995837711057706,11.9943081563015,5.21000003814697,5.21000003814697,NIC,NI,Latin America & Caribbean (excluding high income),Lower middle income
Nicaragua,2013,7.135467852894,4.34943736150792,10.1918752963974,1.01051054660565,14.9846018898851,5.28000020980835,5.28000020980835,NIC,NI,Latin America & Caribbean (excluding high income),Lower middle income
Nicaragua,2014,6.03596861798431,8.39222866061853,4.74730777501545,1.0477467465547,13.5379413593366,4.51999998092651,4.51999998092651,NIC,NI,Latin America & Caribbean (excluding high income),Lower middle income
Nicaragua,2015,3.99737996694398,7.58862401338662,4.14888715819702,1.047305628517,12.0523546187589,4.69999980926514,4.69999980926514,NIC,NI,Latin America & Caribbean (excluding high income),Lower middle income
Nicaragua,2016,3.52317317628476,4.59008266954466,6.54767125662685,1.10226695489182,11.4382974497807,3.90000009536743,3.90000009536743,NIC,NI,Latin America & Caribbean (excluding high income),Lower middle income
Nicaragua,2017,3.85067166284725,4.12220145907398,6.39479657309306,1.25427254346558,10.7806044298079,3.29999995231628,3.29999995231628,NIC,NI,Latin America & Caribbean (excluding high income),Lower middle income
Nicaragua,2018,4.94723728039882,2.6589745249658,8.02346893324673,1.31697535175134,10.8957854531661,5.19999980926514,5.19999980926514,NIC,NI,Latin America & Caribbean (excluding high income),Lower middle income
Panama,1996,1.25571661111545,-0.942384025084237,12.0462448956542,7.1975,10.9903389830508,14.3199996948242,3.77999997138977,PAN,PA,Latin America & Caribbean (excluding high income),Upper middle income
Panama,1997,1.32435122100609,1.60883893747265,9.23380458394244,7.03166666666667,10.9912005649717,13.3699998855591,3.76600003242493,PAN,PA,Latin America & Caribbean (excluding high income),Upper middle income
Panama,1998,0.559081293442533,0.997519226300625,10.0869183212785,6.7625,11.1850564971751,14.0200004577637,3.76999998092651,PAN,PA,Latin America & Caribbean (excluding high income),Upper middle income
Panama,1999,1.24718256949633,0.842387065816723,9.46852923468889,6.92166666666667,10.3906779661017,11.75,3.81699991226196,PAN,PA,Latin America & Caribbean (excluding high income),Upper middle income
Panama,2000,1.49896111605775,-1.24818220172951,11.8755777157973,7.06916666666667,10.4791666666667,13.5299997329712,3.81399989128113,PAN,PA,Latin America & Caribbean (excluding high income),Upper middle income
Panama,2001,0.307062436028713,1.02821444277535,9.84225275952348,6.82833333333333,10.9716666666667,14.710000038147,3.81699991226196,PAN,PA,Latin America & Caribbean (excluding high income),Upper middle income
Panama,2002,1.00583090379042,1.67133575225378,8.76467706636645,4.965,10.5825,14.1099996566772,3.78500008583069,PAN,PA,Latin America & Caribbean (excluding high income),Upper middle income
Panama,2003,0.391666666666668,1.13136421793708,8.6960847244622,3.97583333333333,9.92583333333333,13.6199998855591,3.79099988937378,PAN,PA,Latin America & Caribbean (excluding high income),Upper middle income
Panama,2004,0.474723078204383,1.96500459793629,6.72615939403963,2.23416666666667,8.82333333333333,12.4399995803833,3.73900008201599,PAN,PA,Latin America & Caribbean (excluding high income),Upper middle income
Panama,2005,2.85588324760956,1.74832129569222,6.7978307811164,2.695,8.665,10.3299999237061,3.75300002098084,PAN,PA,Latin America & Caribbean (excluding high income),Upper middle income
Panama,2006,2.45789346442094,1.96998482198367,6.58283434064921,3.92916666666667,8.6825,9.10999965667725,3.70000004768372,PAN,PA,Latin America & Caribbean (excluding high income),Upper middle income
Panama,2007,4.16863300298888,4.82493992296618,3.785734018339,4.5425,8.79333333333333,6.78000020980835,3.68499994277954,PAN,PA,Latin America & Caribbean (excluding high income),Upper middle income
Panama,2008,8.75868317728783,7.52749541220616,0.351852258510076,3.11721025053952,7.90583333333333,4.86999988555908,3.74300003051758,PAN,PA,Latin America & Caribbean (excluding high income),Upper middle income
Panama,2009,2.40905304082197,6.47095944675813,1.08546708502844,3.01870030901422,7.62666666666667,6.55999994277954,3.85199999809265,PAN,PA,Latin America & Caribbean (excluding high income),Upper middle income
Panama,2010,3.49128872618805,2.59015432427103,4.60149323310402,2.63208333333333,7.31083333333333,5.82999992370605,3.72000002861023,PAN,PA,Latin America & Caribbean (excluding high income),Upper middle income
Panama,2011,5.87580243678762,5.84409873083996,1.5817930546614,1.935,7.51833333333333,3.92000007629395,2.37899994850159,PAN,PA,Latin America & Caribbean (excluding high income),Upper middle income
Panama,2012,5.69819959165999,6.17573398847735,1.45836776448125,1.90333333333333,7.72416666666667,3.71000003814697,2.38899993896484,PAN,PA,Latin America & Caribbean (excluding high income),Upper middle income
Panama,2013,4.0271599157105,5.50480282257388,1.79947306659791,1.806875,7.40333333333333,3.73000001907349,2.28500008583069,PAN,PA,Latin America & Caribbean (excluding high income),Upper middle income
Panama,2014,2.62652699929154,4.19761965255047,2.62710449296,1.85125,6.935,4.44000005722046,2.70700001716614,PAN,PA,Latin America & Caribbean (excluding high income),Upper middle income
Panama,2015,0.137492058461537,2.47882626525329,3.91902784322623,1.83416666666667,6.495,4.40000009536743,2.97699999809265,PAN,PA,Latin America & Caribbean (excluding high income),Upper middle income
Panama,2016,0.739734025300028,2.00204602790812,4.50652905865107,1.72291666666667,6.59879787257444,4.84000015258789,3.26300001144409,PAN,PA,Latin America & Caribbean (excluding high income),Upper middle income
Panama,2017,0.875585918759888,1.72902399557368,4.95142524022943,1.79217948717949,6.76606056632958,5.46000003814697,3.85899996757507,PAN,PA,Latin America & Caribbean (excluding high income),Upper middle income
Panama,2018,0.761578359399943,0.673383441285267,6.16788272119693,1.835,6.88279966340463,5.30999994277954,3.83299994468689,PAN,PA,Latin America & Caribbean (excluding high income),Upper middle income
Panama,2019,-0.355083821021212,0.179926530699333,6.897662744026,2.1675,7.09,6.40999984741211,4.72599983215332,PAN,PA,Latin America & Caribbean (excluding high income),Upper middle income
Panama,2020,-1.55027540803759,-1.79594439651424,8.96528934140583,2.045,7.00833333333333,18.5499992370605,12.8540000915527,PAN,PA,Latin America & Caribbean (excluding high income),Upper middle income
Paraguay,1994,20.5661948376356,12.5733704419943,25.2418126932055,18.1584,40.9889297513909,4.40999984741211,4.40999984741211,PRY,PY,Latin America & Caribbean (excluding high income),Upper middle income
Paraguay,1995,13.4254143646407,11.076427188031,25.3447323430857,16.6162909090909,39.2284503550999,3.40000009536743,3.40000009536743,PRY,PY,Latin America & Caribbean (excluding high income),Upper middle income
Paraguay,1996,9.7996833901608,11.4214482360733,22.8190778420894,13.4744727272727,36.8467952418462,8.14999961853027,8.14999961853027,PRY,PY,Latin America & Caribbean (excluding high income),Upper middle income
Paraguay,1997,6.94956608534117,3.41098924066357,27.7546785687275,10.2102545454545,32.1123769091511,5.3600001335144,5.3600001335144,PRY,PY,Latin America & Caribbean (excluding high income),Upper middle income
Paraguay,1998,11.5532684355839,16.2585763328884,16.3214523776525,16.197803030303,35.2336645039975,4.42000007629395,4.42000007629395,PRY,PY,Latin America & Caribbean (excluding high income),Upper middle income
Paraguay,1999,6.75226586102725,10.6801279115958,21.8927380208542,19.7491666666667,34.9110383564278,5.34000015258789,5.34000015258789,PRY,PY,Latin America & Caribbean (excluding high income),Upper middle income
Paraguay,2000,8.98215976750022,14.6645054427207,14.2035386384804,15.7208333333333,30.9509227779,7.6100001335144,7.6100001335144,PRY,PY,Latin America & Caribbean (excluding high income),Upper middle income
Paraguay,2001,7.26806028584821,13.9356046926921,16.4268997545601,16.2241666666667,32.6516922603125,6.21000003814697,6.21000003814697,PRY,PY,Latin America & Caribbean (excluding high income),Upper middle income
Paraguay,2002,10.5102420856612,17.949384209928,22.6570046799308,22.8608333333333,44.673181710321,9.39000034332275,9.39000034332275,PRY,PY,Latin America & Caribbean (excluding high income),Upper middle income
Paraguay,2003,14.2367970499143,15.144324650951,37.0207819032744,15.8308333333333,57.7716539539778,6.80999994277954,6.80999994277954,PRY,PY,Latin America & Caribbean (excluding high income),Upper middle income
Paraguay,2004,4.32326492967491,11.8350052238006,24.0813135946872,5.10833333333333,38.7663435403788,6.51000022888184,6.51000022888184,PRY,PY,Latin America & Caribbean (excluding high income),Upper middle income
Paraguay,2005,6.80738203116371,12.9528241180261,19.134850825752,1.66166666666667,34.5661785164844,4.82000017166138,4.82000017166138,PRY,PY,Latin America & Caribbean (excluding high income),Upper middle income
Paraguay,2006,9.5893494112923,8.8558326538908,23.8660041047369,6.72,34.8353701433139,5.28000020980835,5.28000020980835,PRY,PY,Latin America & Caribbean (excluding high income),Upper middle income
Paraguay,2007,8.13047417698579,12.6355056430918,14.4583502460761,5.0025,28.9207415504089,4.71000003814697,4.71000003814697,PRY,PY,Latin America & Caribbean (excluding high income),Upper middle income
Paraguay,2008,10.1547846489023,12.2247550551932,15.683124648378,3.0775,29.8251032768361,4.42000007629395,4.42000007629395,PRY,PY,Latin America & Caribbean (excluding high income),Upper middle income
Paraguay,2009,2.5919467343056,3.64796491881232,27.9872353881339,1.45583333333333,32.6561648356508,5.46000003814697,5.46000003814697,PRY,PY,Latin America & Caribbean (excluding high income),Upper middle income
Paraguay,2010,4.6511627906977,4.65570138250342,24.3017624012322,1.2125,30.0888812718225,4.57000017166138,4.57000017166138,PRY,PY,Latin America & Caribbean (excluding high income),Upper middle income
Paraguay,2011,8.25396825396825,5.09571053875749,11.7058473870639,4.025,17.3980540247749,4.67000007629395,4.67000007629395,PRY,PY,Latin America & Caribbean (excluding high income),Upper middle income
Paraguay,2012,3.6759189797449,4.79827587865157,11.7942698365307,3.91583333333333,17.1584673198116,4.09000015258789,4.09000015258789,PRY,PY,Latin America & Caribbean (excluding high income),Upper middle income
Paraguay,2013,2.68385738718593,4.33767609515789,14.3120851574278,4.24,19.2705731491781,4.38000011444092,4.38000011444092,PRY,PY,Latin America & Caribbean (excluding high income),Upper middle income
Paraguay,2014,5.02882767456758,2.85700648471038,17.8199443309874,4.30666666666667,21.1860677808059,5.03000020980835,5.03000020980835,PRY,PY,Latin America & Caribbean (excluding high income),Upper middle income
Paraguay,2015,3.12900274473924,1.60388801037963,17.8457424475867,3.5125,19.7358561814464,4.55999994277954,4.55999994277954,PRY,PY,Latin America & Caribbean (excluding high income),Upper middle income
Paraguay,2016,4.08682280577242,4.13475444403026,13.3865990752183,3.75583333333333,18.0748565194157,5.25,5.25,PRY,PY,Latin America & Caribbean (excluding high income),Upper middle income
Paraguay,2017,3.60247741348939,2.15920929174615,14.5093886137326,3.5925,16.981885972602,4.6100001335144,4.6100001335144,PRY,PY,Latin America & Caribbean (excluding high income),Upper middle income
Paraguay,2018,3.97561015740691,1.96024819846549,13.4929626362885,3.48166666666667,15.7177063917515,6.21999979019165,6.21999979019165,PRY,PY,Latin America & Caribbean (excluding high income),Upper middle income
Paraguay,2019,2.7570972756279,3.01189317819828,12.1076996774988,3.43833333333333,15.4842638363204,6.59000015258789,6.59000015258789,PRY,PY,Latin America & Caribbean (excluding high income),Upper middle income
Paraguay,2020,1.7675159235669,2.67766462068046,10.5764479801999,3.3675,13.5373144065709,7.55000019073486,7.55000019073486,PRY,PY,Latin America & Caribbean (excluding high income),Upper middle income
Peru,1991,409.530166622023,378.040578709632,61.1859416488435,170.544317815613,670.534208256702,5.80000019073486,4.56199979782104,PER,PE,Latin America & Caribbean (excluding high income),Upper middle income
Peru,1992,73.5282942442641,69.2606176237553,46.6039379812489,59.6502559605338,148.142730887809,9.39999961853027,4.72100019454956,PER,PE,Latin America & Caribbean (excluding high income),Upper middle income
Peru,1993,48.5799864468884,46.384682865327,32.6903399531435,44.1385427725747,94.2383333333333,9.86999988555908,4.50099992752075,PER,PE,Latin America & Caribbean (excluding high income),Upper middle income
Peru,1996,11.5379424115177,9.6877419612148,19.9161647249909,14.9004520278678,31.5333333333333,7.07000017166138,4.71799993515015,PER,PE,Latin America & Caribbean (excluding high income),Upper middle income
Peru,1997,8.56218948953654,7.28313112865612,22.0244648803872,15.0146820544002,30.9116666666667,7.69000005722046,4.5939998626709,PER,PE,Latin America & Caribbean (excluding high income),Upper middle income
Peru,1998,7.24782175213469,5.37109035742958,25.866275291243,15.114442586166,32.6266666666667,7.75,4.94700002670288,PER,PE,Latin America & Caribbean (excluding high income),Upper middle income
Peru,1999,3.46965996293021,2.9345454117468,31.2063565505912,16.2741190562172,35.0566666666667,7.98999977111816,4.89799976348877,PER,PE,Latin America & Caribbean (excluding high income),Upper middle income
Peru,2000,3.7573383334447,3.5247200388048,25.5698477470948,13.2916665994917,29.9958333333333,7.80000019073486,4.88399982452393,PER,PE,Latin America & Caribbean (excluding high income),Upper middle income
Peru,2001,1.97709878502056,0.455248302902049,24.411950042159,9.91666666666667,24.9783333333333,7.88000011444092,5.02600002288818,PER,PE,Latin America & Caribbean (excluding high income),Upper middle income
Peru,2002,0.193135003853741,0.109017023785512,20.6338458601459,4.19166666666667,20.7653572885806,4.84000015258789,4.84000015258789,PER,PE,Latin America & Caribbean (excluding high income),Upper middle income
Peru,2003,2.25937753363072,1.80372466534129,18.8715495126426,3.83333333333333,21.0156649712755,4.15000009536743,4.15000009536743,PER,PE,Latin America & Caribbean (excluding high income),Upper middle income
Peru,2004,3.66247320092233,6.27903857710506,17.308705204716,2.98333333333333,24.6745640588226,4.71000003814697,4.69999980926514,PER,PE,Latin America & Caribbean (excluding high income),Upper middle income
Peru,2005,1.61630193862544,3.50372240049859,21.284368194887,3.42079622453307,25.5338357716344,4.86999988555908,4.88000011444092,PER,PE,Latin America & Caribbean (excluding high income),Upper middle income
Peru,2006,2.00225801248818,7.65624807889682,15.1194989096292,4.79294583333333,23.9333333333333,4.17000007629395,4.17999982833862,PER,PE,Latin America & Caribbean (excluding high income),Upper middle income
Peru,2007,1.77998644680375,1.49067595453904,21.0511674102817,4.92248833333333,22.8556480555556,4.07999992370605,4.03999996185303,PER,PE,Latin America & Caribbean (excluding high income),Upper middle income
Peru,2008,5.78587598206753,1.10327629202855,22.323874594588,5.44696250043862,23.6734449024808,4.03000020980835,4.03999996185303,PER,PE,Latin America & Caribbean (excluding high income),Upper middle income
Peru,2009,2.93623153596698,2.06369833440615,18.5944908019559,4.35445583333333,21.0419233333333,3.96000003814697,3.98000001907349,PER,PE,Latin America & Caribbean (excluding high income),Upper middle income
Peru,2010,1.52832059732906,5.71072859407522,12.5494733748355,2.13037916666667,18.9768683333333,3.59999990463257,3.57999992370605,PER,PE,Latin America & Caribbean (excluding high income),Upper middle income
Peru,2011,3.36931095333854,6.7457871247569,11.1780878633624,3.66626666666667,18.677925,3.48000001907349,3.48000001907349,PER,PE,Latin America & Caribbean (excluding high income),Upper middle income
Peru,2012,3.61121294940174,1.20258494022738,17.8200224863401,3.87793333333333,19.2369083333333,3.24000000953674,3.24000000953674,PER,PE,Latin America & Caribbean (excluding high income),Upper middle income
Peru,2013,2.76789666081994,1.05723435149577,16.903308069059,3.527825,18.13925,3.5699999332428,3.5699999332428,PER,PE,Latin America & Caribbean (excluding high income),Upper middle income
Peru,2014,3.4119457980747,2.43244108501779,12.994785090205,3.82134166666667,15.7433166666667,3.21000003814697,3.21000003814697,PER,PE,Latin America & Caribbean (excluding high income),Upper middle income
Peru,2015,3.39809194746299,2.69052090074331,13.0638220152775,4.111175,16.1058277777778,3.26999998092651,3.26999998092651,PER,PE,Latin America & Caribbean (excluding high income),Upper middle income
Peru,2016,3.55717663556283,3.08088269037734,12.9852567811511,4.914425,16.4662,3.74000000953674,3.74000000953674,PER,PE,Latin America & Caribbean (excluding high income),Upper middle income
Peru,2017,2.99490045809443,3.61565826105974,12.7122035671679,4.45458333333333,16.7874916666667,3.69000005722046,3.69000005722046,PER,PE,Latin America & Caribbean (excluding high income),Upper middle income
Peru,2018,1.50915423024742,2.26726126218679,11.9997969891374,3.34155,14.539125,3.49000000953674,3.49000000953674,PER,PE,Latin America & Caribbean (excluding high income),Upper middle income
Peru,2019,2.25212191358024,1.98487078449061,12.1592341296521,3.66995,14.38545,3.38000011444092,3.38000011444092,PER,PE,Latin America & Caribbean (excluding high income),Upper middle income
Peru,2020,2.00241205759293,4.21436485975239,8.37117655068116,1.86059166666667,12.9383333333333,7.44999980926514,7.17999982833862,PER,PE,Latin America & Caribbean (excluding high income),Upper middle income
Romania,1994,136.759392815441,139.023070589532,-20.3459037669125,57.0,90.3916666666667,8.17000007629395,8.17000007629395,ROU,RO,Europe & Central Asia (excluding high income),Upper middle income
Romania,1995,32.2424847257597,43.9334732007336,4.71272825916809,44.725,50.7166666666667,8.01000022888184,8.01000022888184,ROU,RO,Europe & Central Asia (excluding high income),Upper middle income
Romania,1996,38.8293013382852,44.0022839129307,7.72977283272313,37.26,55.1333333333333,6.73999977111816,6.73999977111816,ROU,RO,Europe & Central Asia (excluding high income),Upper middle income
Romania,1997,154.763480436309,135.338399472194,-26.6906716511495,55.8333333333333,72.525,5.51000022888184,5.51000022888184,ROU,RO,Europe & Central Asia (excluding high income),Upper middle income
Romania,1998,59.0965827541167,48.1345197660485,4.84839516944538,37.275,55.3166666666667,5.63000011444092,5.63000011444092,ROU,RO,Europe & Central Asia (excluding high income),Upper middle income
Romania,1999,45.8037811326362,49.5224630026867,10.7804562206084,45.8666666666667,65.6416666666667,6.23999977111816,6.23999977111816,ROU,RO,Europe & Central Asia (excluding high income),Upper middle income
Romania,2000,45.6665940440238,43.1807891473077,7.45156589527913,33.1083333333333,53.85,6.96999979019165,6.96999979019165,ROU,RO,Europe & Central Asia (excluding high income),Upper middle income
Romania,2001,34.4770123493528,37.9563154083491,5.39568237207382,26.8666666666667,45.4,6.55999994277954,6.55999994277954,ROU,RO,Europe & Central Asia (excluding high income),Upper middle income
Romania,2002,22.5398862605386,22.7142690496692,10.357989375454,19.2333333333333,35.425,8.10999965667725,8.10999965667725,ROU,RO,Europe & Central Asia (excluding high income),Upper middle income
Romania,2003,15.2734889936255,23.1532554708977,1.85276834167124,11.0241666666667,25.435,6.94999980926514,6.94999980926514,ROU,RO,Europe & Central Asia (excluding high income),Upper middle income
Romania,2004,11.8743635936399,15.4565958769332,8.79629617167316,11.5383333333333,25.6125,7.71999979019165,7.71999979019165,ROU,RO,Europe & Central Asia (excluding high income),Upper middle income
Romania,2005,9.01491283343835,12.0069901176313,6.77979401796874,6.415,19.6008333333333,7.17000007629395,7.17000007629395,ROU,RO,Europe & Central Asia (excluding high income),Upper middle income
Romania,2006,6.55851412276983,10.6065793571017,3.05143448896313,4.76833333333333,13.9816666666667,7.26999998092651,7.26999998092651,ROU,RO,Europe & Central Asia (excluding high income),Upper middle income
Romania,2007,4.83732928313989,15.8162274724437,-2.13087077084908,6.7,13.3483333333333,6.40999984741211,6.40999984741211,ROU,RO,Europe & Central Asia (excluding high income),Upper middle income
Romania,2008,7.85080255714483,16.0155798889218,-0.88543845281131,9.51333333333333,14.9883333333333,5.78999996185303,5.78999996185303,ROU,RO,Europe & Central Asia (excluding high income),Upper middle income
Romania,2009,5.58742004264392,4.08677823184487,12.6704102021291,11.9866666666667,17.275,6.8600001335144,6.8600001335144,ROU,RO,Europe & Central Asia (excluding high income),Upper middle income
Romania,2010,6.09141668601892,3.5931315933914,10.1158911265861,7.31333333333333,14.0725,6.96000003814697,6.96000003814697,ROU,RO,Europe & Central Asia (excluding high income),Upper middle income
Romania,2011,5.78925328815882,3.76940125129099,8.05449260371927,6.2975,12.1275,7.17999982833862,7.17999982833862,ROU,RO,Europe & Central Asia (excluding high income),Upper middle income
Romania,2012,3.33492267693443,3.77070284203964,7.28381288515757,5.505,11.3291666666667,6.78999996185303,6.78999996185303,ROU,RO,Europe & Central Asia (excluding high income),Upper middle income
Romania,2013,3.98471235548128,3.39548096629632,6.89296956414069,4.55083333333333,10.5225,7.09999990463257,7.09999990463257,ROU,RO,Europe & Central Asia (excluding high income),Upper middle income
Romania,2014,1.06830987684293,1.796958453768,6.5511533751709,3.02,8.46583333333333,6.80000019073486,6.80000019073486,ROU,RO,Europe & Central Asia (excluding high income),Upper middle income
Romania,2015,-0.594156437495137,3.25534815965634,3.40142365789429,1.88833333333333,6.7675,6.80999994277954,6.80999994277954,ROU,RO,Europe & Central Asia (excluding high income),Upper middle income
Romania,2016,-1.54479666813904,2.44704326362606,3.18420454033624,1.11333333333333,5.70916666666667,5.90000009536743,5.90000009536743,ROU,RO,Europe & Central Asia (excluding high income),Upper middle income
Romania,2017,1.33902121104396,4.6791724973564,0.845769243575239,0.887671328915552,5.56451674276812,4.92999982833862,4.92999982833862,ROU,RO,Europe & Central Asia (excluding high income),Upper middle income
Romania,2018,4.62548443137781,6.18622546060563,0.585741536641894,1.30452595555615,6.80820228932061,4.19000005722046,4.19000005722046,ROU,RO,Europe & Central Asia (excluding high income),Upper middle income
Romania,2019,3.82785432599428,6.79553804220852,0.342831387125416,1.78583333333333,7.16166666666667,3.91000008583069,3.91000008583069,ROU,RO,Europe & Central Asia (excluding high income),Upper middle income
Romania,2020,2.63107311184752,3.75465937339806,2.63288595556996,1.92807082499468,6.4864012282897,5.03000020980835,5.03000020980835,ROU,RO,Europe & Central Asia (excluding high income),Upper middle income
Thailand,1991,5.70985259891396,5.74652378137894,9.12494255783141,13.6666666666667,15.3958333333333,2.63000011444092,2.63000011444092,THA,TH,East Asia & Pacific (excluding high income),Upper middle income
Thailand,1992,4.13914575077055,4.49045413125464,7.34632900127859,8.875,12.1666666666667,1.35000002384186,1.35000002384186,THA,TH,East Asia & Pacific (excluding high income),Upper middle income
Thailand,1993,3.31219168428469,6.4906547671219,4.39100680690761,8.625,11.1666666666667,1.49000000953674,1.49000000953674,THA,TH,East Asia & Pacific (excluding high income),Upper middle income
Thailand,1994,5.04774897680756,4.67276354647998,5.94526176247363,8.45833333333333,10.8958333333333,1.35000002384186,1.35000002384186,THA,TH,East Asia & Pacific (excluding high income),Upper middle income
Thailand,1995,5.81818181818193,5.74023614562722,7.10208727359962,11.5833333333333,13.25,1.10000002384186,1.10000002384186,THA,TH,East Asia & Pacific (excluding high income),Upper middle income
Thailand,1996,5.80510554737347,4.09814092384286,8.93166038026802,10.3333333333333,13.3958333333333,1.07000005245209,1.07000005245209,THA,TH,East Asia & Pacific (excluding high income),Upper middle income
Thailand,1997,5.62579747129104,4.42116836632678,8.83409476385561,10.5208333333333,13.6458333333333,0.870000004768372,0.870000004768372,THA,TH,East Asia & Pacific (excluding high income),Upper middle income
Thailand,1998,7.99472875027459,8.06371045697034,5.87889882998792,10.6458333333333,14.4166666666667,3.40000009536743,3.40000009536743,THA,TH,East Asia & Pacific (excluding high income),Upper middle income
Thailand,1999,0.28472645922304,-2.57695297761677,11.8617924582346,4.77083333333333,8.97916666666667,2.97000002861023,2.97000002861023,THA,TH,East Asia & Pacific (excluding high income),Upper middle income
Thailand,2000,1.59196917460974,1.33104995932025,6.41687160709718,3.29166666666667,7.83333333333333,2.39000010490417,2.39000010490417,THA,TH,East Asia & Pacific (excluding high income),Upper middle income
Thailand,2001,1.62690887314089,1.91753224493053,5.25258115113859,2.54166666666667,7.27083333333333,2.59999990463257,2.59999990463257,THA,TH,East Asia & Pacific (excluding high income),Upper middle income
Thailand,2004,2.75914926231081,3.56925942602997,0.949922531687859,1.09836378355252,4.55308715722008,1.50999999046326,1.50999999046326,THA,TH,East Asia & Pacific (excluding high income),Upper middle income
Thailand,2005,4.54036919634533,5.09155618304895,-0.354173197273538,1.65311094810176,4.71935005845093,1.35000002384186,1.35000002384186,THA,TH,East Asia & Pacific (excluding high income),Upper middle income
Thailand,2006,4.63747436011765,5.1042132730291,1.11279460175694,4.33873042661947,6.27380728455047,1.22000002861023,1.22000002861023,THA,TH,East Asia & Pacific (excluding high income),Upper middle income
Thailand,2007,2.24154095286803,2.47333774189036,3.48698568702785,2.8407899146902,6.04656836196978,1.17999994754791,1.17999994754791,THA,TH,East Asia & Pacific (excluding high income),Upper middle income
Thailand,2008,5.46848949649844,5.13378035159961,0.654506894891986,2.53599795678966,5.82188819286143,1.17999994754791,1.17999994754791,THA,TH,East Asia & Pacific (excluding high income),Upper middle income
Thailand,2009,-0.845716092316723,0.194772130958171,4.57231980497401,1.02193983408434,4.77599754065056,1.49000000953674,0.949000000953674,THA,TH,East Asia & Pacific (excluding high income),Upper middle income
Thailand,2010,3.24758842443727,4.08098922673743,0.243128638611462,1.19967250261727,4.33403991889774,0.620000004768372,0.620000004768372,THA,TH,East Asia & Pacific (excluding high income),Upper middle income
Thailand,2011,3.80879058139634,3.7430981204437,1.2766820317925,2.4580602042386,5.06756761337228,0.660000026226044,0.660000026226044,THA,TH,East Asia & Pacific (excluding high income),Upper middle income
Thailand,2012,3.01489950334988,1.90914444199674,3.21675712469183,2.60014998247194,5.18731410654716,0.579999983310699,0.579999983310699,THA,TH,East Asia & Pacific (excluding high income),Upper middle income
Thailand,2013,2.18488618530682,1.77874589235417,3.22433498210821,2.43305606719736,5.06043360051236,0.25,0.25,THA,TH,East Asia & Pacific (excluding high income),Upper middle income
Thailand,2014,1.89514181898783,1.44146536528029,3.45784317114814,1.75309614610678,4.94915214812624,0.579999983310699,0.579999983310699,THA,TH,East Asia & Pacific (excluding high income),Upper middle income
Thailand,2015,-0.900424963291544,0.722113573412514,3.98101397309843,1.43341559553114,4.73187498877014,0.600000023841858,0.600000023841858,THA,TH,East Asia & Pacific (excluding high income),Upper middle income
Thailand,2016,0.188149704448173,2.63616761998928,1.78511916997275,1.30034238213158,4.46834552349908,0.689999997615814,0.689999997615814,THA,TH,East Asia & Pacific (excluding high income),Upper middle income
Thailand,2017,0.66563189313507,1.8999449899777,2.46971462408852,1.28916187722766,4.41658283333333,0.829999983310699,0.829999983310699,THA,TH,East Asia & Pacific (excluding high income),Upper middle income
Thailand,2018,1.06389754183022,1.43224853892525,2.67608986968256,1.2875,4.14666666666667,0.769999980926514,0.769999980926514,THA,TH,East Asia & Pacific (excluding high income),Upper middle income
Thailand,2019,0.70672860131428,0.946225111007124,3.10852788423624,1.41666666666667,4.08416666666667,0.720000028610229,0.720000028610229,THA,TH,East Asia & Pacific (excluding high income),Upper middle income
Thailand,2020,-0.845937147357037,-1.06625957086622,4.40573615427833,0.621666666666667,3.2925,1.10000002384186,1.10000002384186,THA,TH,East Asia & Pacific (excluding high income),Upper middle income
